Australian Grand Prix,2025-03-16
Chinese Grand Prix,2025-03-23
Japanese Grand Prix,2025-04-06
Bahrain Grand Prix,2025-04-13
Saudi Arabian Grand Prix,2025-04-20
Miami Grand Prix,2025-05-04
Emilia Romagna Grand Prix,2025-05-18
Monaco Grand Prix,2025-05-25
Spanish Grand Prix,2025-06-01
Canadian Grand Prix,2025-06-15
Austrian Grand Prix,2025-06-29
British Grand Prix,2025-07-06
Belgian Grand Prix,2025-07-27
Hungarian Grand Prix,2025-08-03
Dutch Grand Prix,2025-08-31
Italian Grand Prix,2025-09-07
Azerbaijan Grand Prix,2025-09-21
Singapore Grand Prix,2025-10-05
United States Grand Prix,2025-10-19
Mexico City Grand Prix,2025-10-26
SÃ£o Paulo Grand Prix,2025-11-09
Las Vegas Grand Prix,2025-11-22
Qatar Grand Prix,2025-11-30
Abu Dhabi Grand Prix,2025-12-07
