Bahrain Grand Prix,2022-03-20
Saudi Arabian Grand Prix,2022-03-27
Australian Grand Prix,2022-04-10
Emilia Romagna Grand Prix,2022-04-24
Miami Grand Prix,2022-05-08
Spanish Grand Prix,2022-05-22
Monaco Grand Prix,2022-05-29
Azerbaijan Grand Prix,2022-06-12
Canadian Grand Prix,2022-06-19
British Grand Prix,2022-07-03
Austrian Grand Prix,2022-07-10
French Grand Prix,2022-07-24
Hungarian Grand Prix,2022-07-31
Belgian Grand Prix,2022-08-28
Dutch Grand Prix,2022-09-04
Italian Grand Prix,2022-09-11
Singapore Grand Prix,2022-10-02
Japanese Grand Prix,2022-10-09
United States Grand Prix,2022-10-23
Mexico City Grand Prix,2022-10-30
Sao Paulo Grand Prix,2022-11-13
Abu Dhabi Grand Prix,2022-11-20
Bahrain Grand Prix,2023-03-05
Saudi Arabian Grand Prix,2023-03-19
Australian Grand Prix,2023-04-02
Azerbaijan Grand Prix,2023-04-30
Miami Grand Prix,2023-05-07
Monaco Grand Prix,2023-05-28
Spanish Grand Prix,2023-06-04
Canadian Grand Prix,2023-06-18
Austrian Grand Prix,2023-07-02
British Grand Prix,2023-07-09
Hungarian Grand Prix,2023-07-23
Belgian Grand Prix,2023-07-30
Dutch Grand Prix,2023-08-27
Italian Grand Prix,2023-09-03
Singapore Grand Prix,2023-09-17
Japanese Grand Prix,2023-09-24
Qatar Grand Prix,2023-10-08
United States Grand Prix,2023-10-22
Mexico City Grand Prix,2023-10-29
Sao Paulo Grand Prix,2023-11-05
Las Vegas Grand Prix,2023-11-18
Abu Dhabi Grand Prix,2023-11-26
Bahrain Grand Prix,2024-03-02
Saudi Arabian Grand Prix,2024-03-09
Australian Grand Prix,2024-03-24
Japanese Grand Prix,2024-04-07
Chinese Grand Prix,2024-04-21
Miami Grand Prix,2024-05-05
Emilia Romagna Grand Prix,2024-05-19
Monaco Grand Prix,2024-05-26
Canadian Grand Prix,2024-06-09
Spanish Grand Prix,2024-06-23
Austrian Grand Prix,2024-06-30
British Grand Prix,2024-07-07
Hungarian Grand Prix,2024-07-21
Belgian Grand Prix,2024-07-28
Dutch Grand Prix,2024-08-25
Italian Grand Prix,2024-09-01
Azerbaijan Grand Prix,2024-09-15
Singapore Grand Prix,2024-09-22
United States Grand Prix,2024-10-20
Mexico City Grand Prix,2024-10-27
Sao Paulo Grand Prix,2024-11-03
Las Vegas Grand Prix,2024-11-23
Qatar Grand Prix,2024-12-01
Abu Dhabi Grand Prix,2024-12-08
Australian Grand Prix,2025-03-16
Chinese Grand Prix,2025-03-23
Japanese Grand Prix,2025-04-06
Bahrain Grand Prix,2025-04-13
Saudi Arabian Grand Prix,2025-04-20
Miami Grand Prix,2025-05-04
Emilia Romagna Grand Prix,2025-05-18
Monaco Grand Prix,2025-05-25
Spanish Grand Prix,2025-06-01
Canadian Grand Prix,2025-06-15
Austrian Grand Prix,2025-06-29
British Grand Prix,2025-07-06
Belgian Grand Prix,2025-07-27
Hungarian Grand Prix,2025-08-03
Dutch Grand Prix,2025-08-31
Italian Grand Prix,2025-09-07
Azerbaijan Grand Prix,2025-09-21
Singapore Grand Prix,2025-10-05
United States Grand Prix,2025-10-19
Mexico City Grand Prix,2025-10-26
Sao Paulo Grand Prix,2025-11-09
Las Vegas Grand Prix,2025-11-22
Qatar Grand Prix,2025-11-30
Abu Dhabi Grand Prix,2025-12-07